<?xml version='1.0' encoding="utf-8"?>

<toc version="3.0">
  <tocitem target="gsw_front_page.html" image="gsw_icon.png">
    GSW Oceanographic Toolbox
    <tocitem target="Getting_Started_contents.html" image="HelpIcon.GETTING_STARTED">
      Getting Started
      <tocitem target="../pdf/Getting_Started_preamble.pdf">
        Preamble
      </tocitem>
	  <tocitem target="../pdf/Getting_Started_Installing_GSW.pdf">
	    Installing GSW 
	  </tocitem>
      <tocitem target="../pdf/Getting_Started_Absolute_Salinity.pdf">
        Absolute Salinity
      </tocitem>
      <tocitem target="../pdf/Getting_Started_Preformed_Salinity.pdf">
        Preformed Salinity
      </tocitem>
      <tocitem target="../pdf/Getting_Started_Conservative_Temperature.pdf">
        Conservative Temperature
      </tocitem>
      <tocitem target="../pdf/Getting_Started_Data_Storage.pdf">
        Which types of salinity and temperature should be archived
      </tocitem>
      <tocitem target="../pdf/Getting_Started_75_Term_EOS.pdf">
        The 75-term expression for specific volume
      </tocitem>
      <tocitem target="../pdf/Getting_Started_Changes_to_Ocean_Practice.pdf">
        Changes to oceanographic practice under TEOS-10
      </tocitem>
      <tocitem target="../pdf/Getting_Started_Ocean_Modelling.pdf">
        Ocean modelling using TEOS-10
      </tocitem>
      <tocitem target="../pdf/Getting_Started_Guide_to_Toolbox.pdf">
        A guide to the GSW Oceanographic Toolbox
      </tocitem>
      <tocitem target="../pdf/Getting_Started_References.pdf">
        References
      </tocitem>
      <tocitem target="../pdf/Getting_Started_Recommended_Nomenclature.pdf">
        Recommended nomenclature, symbols and units in oceanography
      </tocitem>
      <tocitem target="../pdf/Getting_Started_GSW_in_a_nutshell.pdf">
        GSW in a nutshell
      </tocitem>
    </tocitem>
  <tocitem target="gsw_contents.html" image="HelpIcon.FUNCTION">
    Functions
    <tocitem target="gsw_contents.html#1">
      documentation set
	  <tocitem target="gsw_licence.html" image="HelpIcon.FUNCTION">
        gsw_licence<!-- creative commons licence for the GSW Oceanographic Toolbox -->
      </tocitem>
    </tocitem>
    <tocitem target="gsw_contents.html#2">
      Practical Salinity (SP), PSS-78
      <tocitem target="gsw_SP_from_C.html" image="HelpIcon.FUNCTION">
        gsw_SP_from_C <!-- Practical Salinity from conductivity, C (inc. for SP &lt; 2) -->
      </tocitem>
      <tocitem target="gsw_C_from_SP.html" image="HelpIcon.FUNCTION">
        gsw_C_from_SP<!-- conductivity, C, from Practical Salinity (inc. for SP &lt; 2) -->
      </tocitem>
      <tocitem target="gsw_SP_from_R.html" image="HelpIcon.FUNCTION">
        gsw_SP_from_R<!-- Practical Salinity from conductivity ratio, R (inc. for SP &lt; 2) -->
      </tocitem>
      <tocitem target="gsw_R_from_SP.html" image="HelpIcon.FUNCTION">
        gsw_R_from_SP<!-- conductivity ratio, R, from Practical Salinity (inc. for SP &lt; 2) -->
      </tocitem>
      <tocitem target="gsw_SP_salinometer.html" image="HelpIcon.FUNCTION">
        gsw_SP_salinometer<!-- Practical Salinity from a laboratory salinometer (inc. for SP &lt; 2) -->
      </tocitem>
	  <tocitem target="gsw_SP_from_SK.html" image="HelpIcon.FUNCTION">
        gsw_SP_from_SK<!-- Practical Salinity from Knudsen Salinity -->
      </tocitem>
    </tocitem>
    <tocitem target="gsw_contents.html#3">
      Absolute Salinity (SA), Preformed Salinity (Sstar) and Conservative Temperature (CT)
      <tocitem target="gsw_SA_from_SP.html" image="HelpIcon.FUNCTION">
        gsw_SA_from_SP<!-- Absolute Salinity from Practical Salinity -->
      </tocitem>
      <tocitem target="gsw_Sstar_from_SP.html" image="HelpIcon.FUNCTION">
        gsw_Sstar_from_SP<!-- Preformed Salinity from Practical Salinity -->
      </tocitem>
      <tocitem target="gsw_CT_from_t.html" image="HelpIcon.FUNCTION">
        gsw_CT_from_t<!-- Conservative Temperature from in-situ temperature -->
      </tocitem>
    </tocitem>
    <tocitem target="gsw_contents.html#4">
      Absolute Salinity - Conservative Temperature plotting function
      <tocitem target="gsw_SA_CT_plot.html" image="HelpIcon.FUNCTION">
        gsw_SA_CT_plot<!--  function to plot Absolute Salinity - Conservative Temperature profiles on the SA-CT diagram, including the freezing line and selected potential density contours -->
      </tocitem>
    </tocitem>
    <tocitem target="gsw_contents.html#5">
      other conversions between temperatures, salinities, pressure and height
      <tocitem target="gsw_deltaSA_from_SP.html" image="HelpIcon.FUNCTION">
        gsw_deltaSA_from_SP<!-- Absolute Salinity &amp; Preformed Salinity from Practical Salinity -->
      </tocitem>
      <tocitem target="gsw_SA_Sstar_from_SP.html" image="HelpIcon.FUNCTION">
        gsw_SA_Sstar_from_SP<!-- Absolute Salinity &amp; Preformed Salinity from Practical Salinity -->
      </tocitem>
      <tocitem target="gsw_SR_from_SP.html" image="HelpIcon.FUNCTION">
        gsw_SR_from_SP<!-- Reference Salinity from Practical Salinity -->
      </tocitem>
      <tocitem target="gsw_SP_from_SR.html" image="HelpIcon.FUNCTION">
        gsw_SP_from_SR<!-- Practical Salinity from Reference Salinity -->
      </tocitem>
      <tocitem target="gsw_SP_from_SA.html" image="HelpIcon.FUNCTION">
        gsw_SP_from_SA<!-- Practical Salinity from Absolute Salinity -->
      </tocitem>
      <tocitem target="gsw_Sstar_from_SA.html" image="HelpIcon.FUNCTION">
        gsw_Sstar_from_SA<!-- Preformed Salinity from Absolute Salinity -->
      </tocitem>
      <tocitem target="gsw_SA_from_Sstar.html" image="HelpIcon.FUNCTION">
        gsw_SA_from_Sstar<!-- Absolute Salinity from Preformed Salinity -->
      </tocitem>
      <tocitem target="gsw_SP_from_Sstar.html" image="HelpIcon.FUNCTION">
        gsw_SP_from_Sstar<!-- Practical Salinity from Preformed Salinity -->
      </tocitem>
      <tocitem target="gsw_pt_from_CT.html" image="HelpIcon.FUNCTION">
        gsw_pt_from_CT<!-- potential temperature from Conservative Temperature -->
      </tocitem>
      <tocitem target="gsw_t_from_CT.html" image="HelpIcon.FUNCTION">
        gsw_t_from_CT<!-- in-situ temperature from Conservative Temperature -->
      </tocitem>
      <tocitem target="gsw_CT_from_pt.html" image="HelpIcon.FUNCTION">
        gsw_CT_from_pt<!-- Conservative Temperature from potential temperature -->
      </tocitem>
      <tocitem target="gsw_pot_enthalpy_from_pt.html" image="HelpIcon.FUNCTION">
        gsw_pot_enthalpy_from_pt<!-- potential enthalpy from potential temperature -->
      </tocitem>
	  <tocitem target="gsw_pt_from_t.html" image="HelpIcon.FUNCTION">
        gsw_pt_from_t<!-- potential temperature -->
      </tocitem>
      <tocitem target="gsw_pt0_from_t.html" image="HelpIcon.FUNCTION">
        gsw_pt0_from_t<!-- potential temperature with a reference pressure of zero dbar -->
      </tocitem>
	  <tocitem target="gsw_t_from_pt0.html" image="HelpIcon.FUNCTION">
        gsw_t_from_pt0<!-- in-situ temperature from potential temperature with a reference pressure of zero dbar -->
      </tocitem>
      <tocitem target="gsw_t90_from_t48.html" image="HelpIcon.FUNCTION">
        gsw_t90_from_t48<!-- ITS-90 temperature from IPTS-48 temperature -->
      </tocitem>
      <tocitem target="gsw_t90_from_t68.html" image="HelpIcon.FUNCTION">
        gsw_t90_from_t68<!-- ITS-90 temperature from IPTS-68 temperature -->
      </tocitem>
      <tocitem target="gsw_z_from_p.html" image="HelpIcon.FUNCTION">
        gsw_z_from_p<!-- height from pressure -->
      </tocitem>
      <tocitem target="gsw_p_from_z.html" image="HelpIcon.FUNCTION">
        gsw_p_from_z<!-- pressure from height -->
      </tocitem>
      <tocitem target="gsw_z_from_depth.html" image="HelpIcon.FUNCTION">
        gsw_z_from_depth<!-- height from depth -->
      </tocitem>	  
      <tocitem target="gsw_depth_from_z.html" image="HelpIcon.FUNCTION">
        gsw_depth_from_z<!-- depth from height -->
      </tocitem>
      <tocitem target="gsw_Abs_Pressure_from_p.html" image="HelpIcon.FUNCTION">
        gsw_Abs_Pressure_from_p<!-- Absolute Pressure,P, from pressure, p -->
      </tocitem>
      <tocitem target="gsw_p_from_Abs_Pressure.html" image="HelpIcon.FUNCTION">
        gsw_p_from_Abs_Pressure<!-- pressure, p, from Absolute Pressure, P -->
      </tocitem>
      <tocitem target="gsw_entropy_from_CT.html" image="HelpIcon.FUNCTION">
        gsw_entropy_from_CT<!-- entropy from Conservative Temperature -->
      </tocitem>
      <tocitem target="gsw_CT_from_entropy.html" image="HelpIcon.FUNCTION">
        gsw_CT_from_entropy<!-- Conservative Temperature from entropy -->
      </tocitem>
      <tocitem target="gsw_entropy_from_pt.html" image="HelpIcon.FUNCTION">
        gsw_entropy_from_pt<!-- entropy from potential temperature -->
      </tocitem>
      <tocitem target="gsw_pt_from_entropy.html" image="HelpIcon.FUNCTION">
        gsw_pt_from_entropy<!-- potential temperature from entropy -->
      </tocitem>
	  <tocitem target="gsw_entropy_from_t.html" image="HelpIcon.FUNCTION">
        gsw_entropy_from_t<!-- entropy from in-situ temperature -->
      </tocitem>
      <tocitem target="gsw_t_from_entropy.html" image="HelpIcon.FUNCTION">
        gsw_t_from_entropy<!-- in-situ temperature from entropy -->
      </tocitem>
      <tocitem target="gsw_adiabatic_lapse_rate_from_CT.html" image="HelpIcon.FUNCTION">
        gsw_adiabatic_lapse_rate_from_CT<!-- adiabatic lapse rate from Conservative Temperature -->
      </tocitem>
      <tocitem target="gsw_adiabatic_lapse_rate_from_t.html" image="HelpIcon.FUNCTION">
        gsw_adiabatic_lapse_rate_from_t<!-- adiabatic lapse rate from in-situ temperature-->
      </tocitem>
      <tocitem target="gsw_molality_from_SA.html" image="HelpIcon.FUNCTION">
        gsw_molality_from_SA<!-- molality of seawater -->
      </tocitem>
      <tocitem target="gsw_ionic_strength_from_SA.html" image="HelpIcon.FUNCTION">
        gsw_ionic_strength_from_SA<!-- ionic strength of seawater -->
      </tocitem>
    </tocitem>
	
    <tocitem target="gsw_contents.html#6">
      specific volume, density and enthalpy
      <tocitem target="gsw_specvol.html" image="HelpIcon.FUNCTION">
        gsw_specvol<!-- specific volume -->
      </tocitem>
	  <tocitem target="gsw_alpha.html" image="HelpIcon.FUNCTION">
        gsw_alpha<!-- thermal expansion coefficient with respect to CT -->
      </tocitem>
      <tocitem target="gsw_beta.html" image="HelpIcon.FUNCTION">
        gsw_beta<!-- saline contraction coefficient at constant CT -->
      </tocitem>
	  <tocitem target="gsw_alpha_on_beta.html" image="HelpIcon.FUNCTION">
        gsw_alpha_on_beta<!-- alpha divided by beta -->
      </tocitem>
      <tocitem target="gsw_specvol_alpha_beta.html" image="HelpIcon.FUNCTION">
        gsw_specvol_alpha_beta<!-- specific volume, thermal expansion &amp; saline contraction coefficients -->
      </tocitem>
      <tocitem target="gsw_specvol_first_derivatives.html" image="HelpIcon.FUNCTION">
        gsw_specvol_first_derivatives<!-- derivatives of specific volume -->
      </tocitem>
      <tocitem target="gsw_specvol_second_derivatives.html" image="HelpIcon.FUNCTION">
        gsw_specvol_second_derivatives<!-- second derivatives of specific volume -->
      </tocitem>
      <tocitem target="gsw_specvol_first_derivatives_wrt_enthalpy.html" image="HelpIcon.FUNCTION">
        gsw_specvol_first_derivatives_wrt_enthalpy<!-- derivatives of specific volume with respect to enthalpy -->
      </tocitem>
      <tocitem target="gsw_specvol_second_derivatives_wrt_enthalpy.html" image="HelpIcon.FUNCTION">
        gsw_specvol_second_derivatives_wrt_enthalpy<!-- second derivatives of specific volume  with respect to enthalpy-->
      </tocitem>
	  <tocitem target="gsw_specvol_anom.html" image="HelpIcon.FUNCTION">
        gsw_specvol_anom<!-- specific volume anomaly -->
      </tocitem>      
	  <tocitem target="gsw_specvol_anom_standard.html" image="HelpIcon.FUNCTION">
        gsw_specvol_anom_standard<!-- specific volume anomaly -->
      </tocitem>
      <tocitem target="gsw_rho.html" image="HelpIcon.FUNCTION">
        gsw_rho<!-- in-situ density from CT, and potential density -->
      </tocitem>
      <tocitem target="gsw_rho_alpha_beta.html" image="HelpIcon.FUNCTION">
        gsw_rho_alpha_beta<!-- in-situ density, thermal expansion &amp; saline contraction coefficients -->
      </tocitem>
      <tocitem target="gsw_rho_first_derivatives.html" image="HelpIcon.FUNCTION">
        gsw_rho_first_derivatives<!-- first derivatives of density -->
      </tocitem>
      <tocitem target="gsw_rho_second_derivatives.html" image="HelpIcon.FUNCTION">
        gsw_rho_second_derivatives<!-- second derivatives of density -->
      </tocitem>
      <tocitem target="gsw_rho_first_derivatives_wrt_enthalpy.html" image="HelpIcon.FUNCTION">
        gsw_rho_first_derivatives_wrt_enthalpy<!-- derivatives of density with respect to enthalpy -->
      </tocitem>
      <tocitem target="gsw_rho_second_derivatives_wrt_enthalpy.html" image="HelpIcon.FUNCTION">
        gsw_rho_second_derivatives_wrt_enthalpy<!-- second derivatives of density with respect to enthalpy-->
      </tocitem>
      <tocitem target="gsw_sigma0.html" image="HelpIcon.FUNCTION">
        gsw_sigma0<!-- sigma0 from CT with reference pressure of 0 dbar -->
      </tocitem>
      <tocitem target="gsw_sigma1.html" image="HelpIcon.FUNCTION">
        gsw_sigma1<!-- sigma1 from CT with reference pressure of 1000 dbar -->
      </tocitem>
      <tocitem target="gsw_sigma2.html" image="HelpIcon.FUNCTION">
        gsw_sigma2<!-- sigma2 from CT with reference pressure of 2000 dbar -->
      </tocitem>
      <tocitem target="gsw_sigma3.html" image="HelpIcon.FUNCTION">
        gsw_sigma3<!-- sigma3 from CT with reference pressure of 3000 dbar -->
      </tocitem>
      <tocitem target="gsw_sigma4.html" image="HelpIcon.FUNCTION">
        gsw_sigma4<!-- sigma4 from CT with reference pressure of 4000 dbar -->
      </tocitem>
      <tocitem target="gsw_cabbeling.html" image="HelpIcon.FUNCTION">
        gsw_cabbeling<!-- cabbeling coefficient -->
      </tocitem>
      <tocitem target="gsw_thermobaric.html" image="HelpIcon.FUNCTION">
        gsw_thermobaric<!-- thermobaric coefficient -->
      </tocitem>
      <tocitem target="gsw_enthalpy.html" image="HelpIcon.FUNCTION">
        gsw_enthalpy<!-- enthalpy -->
      </tocitem>
      <tocitem target="gsw_enthalpy_diff.html" image="HelpIcon.FUNCTION">
        gsw_enthalpy_diff<!-- difference of enthalpy between two pressures -->
      </tocitem>
      <tocitem target="gsw_dynamic_enthalpy.html" image="HelpIcon.FUNCTION">
        gsw_dynamic_enthalpy<!-- dynamic enthalpy -->
      </tocitem>
	  <tocitem target="gsw_enthalpy_first_derivatives.html" image="HelpIcon.FUNCTION">
        gsw_enthalpy_first_derivatives<!-- first derivatives of enthalpy -->
      </tocitem>
      <tocitem target="gsw_enthalpy_second_derivatives.html" image="HelpIcon.FUNCTION">
        gsw_enthalpy_second_derivatives<!-- second derivatives of enthalpy -->
      </tocitem>
	  <tocitem target="gsw_sound_speed.html" image="HelpIcon.FUNCTION">
        gsw_sound_speed<!-- sound speed -->
      </tocitem>
	  <tocitem target="gsw_kappa.html" image="HelpIcon.FUNCTION">
        gsw_kappa<!-- isentropic compressibility -->
      </tocitem>
      <tocitem target="gsw_internal_energy.html" image="HelpIcon.FUNCTION">
        gsw_internal_energy<!-- internal energy -->
      </tocitem>
      	  <tocitem target="gsw_internal_energy_first_derivatives.html" image="HelpIcon.FUNCTION">
        gsw_internal_energy_first_derivatives<!-- first derivatives of internal energy -->
      </tocitem>
      <tocitem target="gsw_internal_energy_second_derivatives.html" image="HelpIcon.FUNCTION">
        gsw_internal_energy_second_derivatives<!-- second derivatives of internal energy -->
      </tocitem>
      <tocitem target="gsw_SA_from_rho.html" image="HelpIcon.FUNCTION">
        gsw_SA_from_rho<!-- Absolute Salinity from density -->
      </tocitem>
	  <tocitem target="gsw_CT_from_enthalpy.html" image="HelpIcon.FUNCTION">
        gsw_CT_from_enthalpy<!-- enthalpy -->
      </tocitem>	  
      <tocitem target="gsw_CT_from_rho.html" image="HelpIcon.FUNCTION">
        gsw_CT_from_rho<!-- Conservative Temperature from density -->
      </tocitem>
      <tocitem target="gsw_CT_maxdensity.html" image="HelpIcon.FUNCTION">
        gsw_CT_maxdensity<!-- Conservative Temperature of maximum density of seawater -->
      </tocitem>
    </tocitem>
	
    <tocitem target="gsw_contents.html#7">
      vertical stability and interpolation
      <tocitem target="gsw_Turner_Rsubrho.html" image="HelpIcon.FUNCTION">
        gsw_Turner_Rsubrho<!-- Turner angle &amp; Rsubrho -->
      </tocitem>
      <tocitem target="gsw_Nsquared.html" image="HelpIcon.FUNCTION">
        gsw_Nsquared<!-- buoyancy (Brunt-Vaisala) frequency squared (N^2) -->
      </tocitem>
      <tocitem target="gsw_Nsquared_min.html" image="HelpIcon.FUNCTION">
        gsw_Nsquared_min<!-- minimum buoyancy (Brunt-Vaisala) frequency squared (N^2) -->
      </tocitem>
	  <tocitem target="gsw_stabilise_SA_const_t.html" image="HelpIcon.FUNCTION">
        gsw_gsw_stabilise_SA_const_t<!-- stabilise -->
      </tocitem>
	  <tocitem target="gsw_stabilise_SA_CT.html" image="HelpIcon.FUNCTION">
        gsw_gsw_stabilise_SA_CT<!-- stabilise -->
      </tocitem>
      <tocitem target="gsw_mlp.html" image="HelpIcon.FUNCTION">
        gsw_mlp<!-- mixed-layer pressure -->
      </tocitem>
	  <tocitem target="gsw_Nsquared_lowerlimit.html" image="HelpIcon.FUNCTION">
        gsw_Nsquared_lowerlimit<!-- recommended lower limit of the buoyancy (Brunt-Vaisala) frequency squared (N^2) -->
      </tocitem>
      <tocitem target="gsw_SA_CT_interp.html" image="HelpIcon.FUNCTION">
        gsw_SA_CT_interp<!-- SA-CT interpolation -->
      </tocitem>
      <tocitem target="gsw_t_interp.html" image="HelpIcon.FUNCTION">
        gsw_t_interp<!-- t interpolation -->
      </tocitem>
       <tocitem target="gsw_tracer_CT_interp.html" image="HelpIcon.FUNCTION">
        gsw_tracer_CT_interp<!-- tracer-CT interpolation -->
      </tocitem>
      <tocitem target="gsw_tracer_interp.html" image="HelpIcon.FUNCTION">
        gsw_tracer_interp<!-- tracer interpolation -->
      </tocitem>
     <tocitem target="gsw_IPV_vs_fNsquared_ratio.html" image="HelpIcon.FUNCTION">
        gsw_IPV_vs_fNsquared_ratio<!-- ratio of the vertical gradient of potential density (with reference pressure, p_ref), to the vertical gradient of locally-referenced potential density -->
      </tocitem>
    </tocitem>
	
	<tocitem target="gsw_contents.html#8">
      geostrophic streamfunctions, acoustic travel time and geostrophic velocity
      <tocitem target="gsw_geo_strf_dyn_height.html" image="HelpIcon.FUNCTION">
        gsw_geo_strf_dyn_height<!-- dynamic height anomaly -->
      </tocitem>
      <tocitem target="gsw_geo_strf_dyn_height_pc.html" image="HelpIcon.FUNCTION">
        gsw_geo_strf_dyn_height_pc<!-- dynamic height anomaly for piecewise constant profiles -->
      </tocitem>
      <tocitem target="gsw_geo_strf_isopycnal.html" image="HelpIcon.FUNCTION">
        gsw_geo_strf_isopycnal<!-- approximate isopycnal geostrophic streamfunction -->
      </tocitem>
      <tocitem target="gsw_geo_strf_isopycnal_pc.html" image="HelpIcon.FUNCTION">
        gsw_geof_str_isopycnal_pc<!-- approximate isopycnal geostrophic streamfunction for piecewise constant profiles -->
      </tocitem>
      <tocitem target="gsw_geo_strf_Montgomery.html" image="HelpIcon.FUNCTION">
        gsw_geo_strf_Montgomery<!-- Montgomery geostrophic streamfunction -->
      </tocitem>
      <tocitem target="gsw_geo_strf_Cunningham.html" image="HelpIcon.FUNCTION">
        gsw_geo_strf_Cunningham<!-- Cunningham geostrophic streamfunction -->
      </tocitem>
	  <tocitem target="gsw_geo_strf_steric_height.html" image="HelpIcon.FUNCTION">
        gsw_geo_strf_steric_height<!-- dynamic height anomaly divided by 9.7963 -->
      </tocitem>
	  <tocitem target="gsw_geo_strf_PISH.html" image="HelpIcon.FUNCTION">
        gsw_geo_strf_PISH<!-- Pressure integrated steric height -->
      </tocitem>
	  <tocitem target="gsw_travel_time.html" image="HelpIcon.FUNCTION">
        gsw_travel_time<!-- acoustic travel time -->
      </tocitem>      
      <tocitem target="gsw_geostrophic_velocity.html" image="HelpIcon.FUNCTION">
        gsw_geostrophic_velocity<!-- geostrophic velocity -->
      </tocitem>
    </tocitem>
		
    <tocitem target="gsw_contents.html#9">
      neutral versus isopycnal slopes and ratios
      <tocitem target="gsw_isopycnal_slope_ratio.html" image="HelpIcon.FUNCTION">
        gsw_isopycnal_slope_ratio<!-- ratio of the slopes of isopycnals on the SA-CT diagram  for p &amp; p_ref -->
      </tocitem>
      <tocitem target="gsw_isopycnal_vs_ntp_CT_ratio.html" image="HelpIcon.FUNCTION">
        gsw_isopycnal_vs_ntp_CT_ratio<!-- ratio of the gradient of Conservative Temperature in a potential density surface to that in the neutral  tangent plane -->
      </tocitem>
      <tocitem target="gsw_ntp_pt_vs_CT_ratio.html" image="HelpIcon.FUNCTION">
        gsw_ntp_pt_vs_CT_ratio<!-- ratio of gradients of potential temperature &amp; Conservative Temperature in a neutral tangent plane (i.e. in a locally-referenced potential density surface) -->
      </tocitem>
    </tocitem>
	
    <tocitem target="gsw_contents.html#10">
      derivatives of entropy, CT and pt
      <tocitem target="gsw_CT_first_derivatives.html" image="HelpIcon.FUNCTION">
        gsw_CT_first_derivatives<!-- first derivatives of Conservative Temperature -->
      </tocitem>
      <tocitem target="gsw_CT_second_derivatives.html" image="HelpIcon.FUNCTION">
        gsw_CT_second_derivatives<!-- second derivatives of Conservative Temperature -->
      </tocitem>
      <tocitem target="gsw_entropy_first_derivatives.html" image="HelpIcon.FUNCTION">
        gsw_entropy_first_derivatives<!-- first derivatives of entropy -->
      </tocitem>
      <tocitem target="gsw_entropy_second_derivatives.html" image="HelpIcon.FUNCTION">
        gsw_entropy_second_derivatives<!-- second derivatives of entropy -->
      </tocitem>
      <tocitem target="gsw_pt_first_derivatives.html" image="HelpIcon.FUNCTION">
        gsw_pt_first_derivatives<!-- first derivatives of potential temperature -->
      </tocitem>
      <tocitem target="gsw_pt_second_derivatives.html" image="HelpIcon.FUNCTION">
        gsw_pt_second_derivatives<!-- second derivatives of potential temperature -->
      </tocitem>
      <tocitem target="gsw_CT_first_derivatives_wrt_t_exact.html" image="HelpIcon.FUNCTION">
        gsw_CT_first_derivatives_wrt_t_exact<!-- first derivatives of Conservative Temperature -->
      </tocitem>
      <tocitem target="gsw_enthalpy_first_derivatives_wrt_t_exact.html" image="HelpIcon.FUNCTION">
        gsw_enthalpy_first_derivatives_wrt_t_exact<!-- first derivatives of enthalpy -->
      </tocitem>
    </tocitem>
	
	<tocitem target="gsw_contents.html#11">
      seawater and ice properties at the freezing temperature
      <tocitem target="gsw_CT_freezing.html" image="HelpIcon.FUNCTION">
        gsw_CT_freezing<!-- Conservative Temperature freezing temperature of seawater -->
      </tocitem>
      <tocitem target="gsw_CT_freezing_poly.html" image="HelpIcon.FUNCTION">
        gsw_CT_freezing_poly<!-- Conservative Temperature freezing temperature of seawater -->
      </tocitem>
      <tocitem target="gsw_t_freezing.html" image="HelpIcon.FUNCTION">
        gsw_t_freezing<!-- in-situ freezing temperature of seawater -->
      </tocitem>	  
      <tocitem target="gsw_t_freezing_poly.html" image="HelpIcon.FUNCTION">
        gsw_t_freezing_poly<!-- in-situ freezing temperature of seawater -->
      </tocitem>
      <tocitem target="gsw_pot_enthalpy_ice_freezing.html" image="HelpIcon.FUNCTION">
        gsw_pot_enthalpy_ice_freezing<!-- pot_enthalpy of seawater at the freezing point -->
      </tocitem>	  
      <tocitem target="gsw_pot_enthalpy_ice_freezing_poly.html" image="HelpIcon.FUNCTION">
        gsw_pot_enthalpy_ice_freezing_poly<!-- pot_enthalpy of seawater at the freezing point -->
      </tocitem>
      <tocitem target="gsw_SA_freezing_from_CT.html" image="HelpIcon.FUNCTION">
        gsw_SA_freezing_from_CT<!-- Absolute Salinity of seawater at the freezing point (for given CT) -->
      </tocitem>
      <tocitem target="gsw_SA_freezing_from_CT_poly.html" image="HelpIcon.FUNCTION">
        gsw_SA_freezing_from_CT_poly<!-- Absolute Salinity of seawater at the freezing point (for given CT) -->
      </tocitem>
      <tocitem target="gsw_SA_freezing_from_t.html" image="HelpIcon.FUNCTION">
        gsw_SA_freezing_from_t<!-- Absolute Salinity of seawater at the freezing point (for given t) -->
      </tocitem>
      <tocitem target="gsw_SA_freezing_from_t_poly.html" image="HelpIcon.FUNCTION">
        gsw_SA_freezing_from_t_poly<!-- Absolute Salinity of seawater at the freezing point (for given t) -->
      </tocitem>
	  	  <tocitem target="gsw_pressure_freezing_CT.html" image="HelpIcon.FUNCTION">
        gsw_pressure_freezing_CT<!-- Conservative Temperature freezing temperature of seawater -->
      </tocitem>
	  <tocitem target="gsw_CT_freezing_first_derivatives.html" image="HelpIcon.FUNCTION">
        gsw_CT_freezing_first_derivatives<!-- Conservative Temperature freezing temperature of seawater -->
      </tocitem>
	  <tocitem target="gsw_CT_freezing_first_derivatives_poly.html" image="HelpIcon.FUNCTION">
        gsw_CT_freezing_first_derivatives_poly<!-- Conservative Temperature freezing temperature of seawater -->
      </tocitem>
	  <tocitem target="gsw_t_freezing_first_derivatives.html" image="HelpIcon.FUNCTION">
        gsw_t_freezing_first_derivatives<!-- in-situ temperature freezing temperature of seawater -->
      </tocitem>
	  <tocitem target="gsw_t_freezing_first_derivatives_poly.html" image="HelpIcon.FUNCTION">
        gsw_t_freezing_first_derivatives_poly<!-- in-situ temperature freezing temperature of seawater -->
      </tocitem>
	  <tocitem target="gsw_pot_enthalpy_ice_freezing_first_derivatives.html" image="HelpIcon.FUNCTION">
        gsw_pot_enthalpy_ice_freezing_first_derivatives<!-- pot_enthalpy of seawater at the freezing point -->
      </tocitem>
	  <tocitem target="gsw_pot_enthalpy_ice_freezing_first_derivatives_poly.html" image="HelpIcon.FUNCTION">
        gsw_pot_enthalpy_ice_freezing_first_derivatives_poly<!-- pot_enthalpy of seawater at the freezing point -->
      </tocitem>
	  <tocitem target="gsw_latentheat_melting.html" image="HelpIcon.FUNCTION">
        gsw_latentheat_melting<!-- latent heat of melting of ice into seawater (isobaric melting enthalpy) -->
      </tocitem>
    </tocitem>

	 <tocitem target="gsw_contents.html#12">
      thermodynamic interaction betweeen ice and seawater
       <tocitem target="gsw_melting_ice_SA_CT_ratio.html" image="HelpIcon.FUNCTION">
         gsw_melting_ice_SA_CT_ratio               
       </tocitem>
       <tocitem target="gsw_melting_ice_SA_CT_ratio_poly.html" image="HelpIcon.FUNCTION">
         gsw_melting_ice_SA_CT_ratio_poly               
       </tocitem>
       <tocitem target="gsw_melting_ice_equilibrium_SA_CT_ratio.html" image="HelpIcon.FUNCTION">
         gsw_melting_ice_equilibrium_SA_CT_ratio
       </tocitem>
       <tocitem target="gsw_melting_ice_equilibrium_SA_CT_ratio_poly.html" image="HelpIcon.FUNCTION">
         gsw_melting_ice_equilibrium_SA_CT_ratio_poly
       </tocitem>
        <tocitem target="gsw_ice_fraction_to_freeze_seawater.html" image="HelpIcon.FUNCTION">
         gsw_ice_fraction_to_freeze_seawater     
       </tocitem>
      <tocitem target="gsw_melting_ice_into_seawater.html" image="HelpIcon.FUNCTION">
         gsw_melting_ice_into_seawater             
       </tocitem>
       <tocitem target="gsw_frazil_ratios_adiabatic.html" image="HelpIcon.FUNCTION">
         gsw_frazil_ratios_adiabatic                         
       </tocitem>
        <tocitem target="gsw_frazil_ratios_adiabatic_poly.html" image="HelpIcon.FUNCTION">
         gsw_frazil_ratios_adiabatic_poly                         
       </tocitem>
      <tocitem target="gsw_frazil_properties.html" image="HelpIcon.FUNCTION">
         gsw_frazil_properties                         
       </tocitem>
       <tocitem target="gsw_frazil_properties_potential.html" image="HelpIcon.FUNCTION">
         gsw_frazil_properties_potential                         
       </tocitem>
       <tocitem target="gsw_frazil_properties_potential_poly.html" image="HelpIcon.FUNCTION">
         gsw_frazil_properties_potential_poly                         
       </tocitem>
	 </tocitem>
	 
	 <tocitem target="gsw_contents.html#13">
      thermodynamic interaction betweeen sea ice and seawater
	   <tocitem target="gsw_melting_seaice_SA_CT_ratio.html" image="HelpIcon.FUNCTION">
         gsw_melting_seaice_SA_CT_ratio            
       </tocitem>
	   <tocitem target="gsw_melting_seaice_SA_CT_ratio_poly.html" image="HelpIcon.FUNCTION">
         gsw_melting_seaice_SA_CT_ratio_poly            
       </tocitem>
	   <tocitem target="gsw_melting_ice_equilibrium_SA_CT_ratio.html" image="HelpIcon.FUNCTION">
         gsw_melting_seaice_equilibrium_SA_CT_ratio
       </tocitem>
	   <tocitem target="gsw_melting_ice_equilibrium_SA_CT_ratio_poly.html" image="HelpIcon.FUNCTION">
         gsw_melting_seaice_equilibrium_SA_CT_ratio_poly
       </tocitem>
        <tocitem target="gsw_seaice_fraction_to_freeze_seawater.html" image="HelpIcon.FUNCTION">
         gsw_seaice_fraction_to_freeze_seawater     
       </tocitem>
      <tocitem target="gsw_melting_seaice_into_seawater.html" image="HelpIcon.FUNCTION">
         gsw_melting_seaice_into_seawater     
       </tocitem>
     </tocitem>

	<tocitem target="gsw_contents.html#14">
      thermodynamic properties of ice Ih
       <tocitem target="gsw_specvol_ice.html" image="HelpIcon.FUNCTION">
         gsw_specvol_ice 
       </tocitem>	  
 	   <tocitem target="gsw_alpha_wrt_t_ice.html" image="HelpIcon.FUNCTION">
	     gsw_alpha_wrt_t_ice
	   </tocitem>                  
       <tocitem target="gsw_rho_ice.html" image="HelpIcon.FUNCTION">
         gsw_rho_ice<!-- in-situ density -->
       </tocitem>
       <tocitem target="gsw_pressure_coefficient_ice.html" image="HelpIcon.FUNCTION">
         gsw_pressure_coefficient_ice
       </tocitem>
       <tocitem target="gsw_sound_speed_ice.html" image="HelpIcon.FUNCTION">
         gsw_sound_speed_ice                
       </tocitem>       
       <tocitem target="gsw_kappa_ice.html" image="HelpIcon.FUNCTION">
         gsw_kappa_ice                         
       </tocitem>     
       <tocitem target="gsw_kappa_const_t_ice.html" image="HelpIcon.FUNCTION">
         gsw_ice_kappa_const_t_exact          
       </tocitem>
       <tocitem target="gsw_internal_energy_ice.html" image="HelpIcon.FUNCTION">
         gsw_internal_energy_ice               
       </tocitem>
       <tocitem target="gsw_enthalpy_ice.html" image="HelpIcon.FUNCTION">
         gsw_enthalpy_ice                    
       </tocitem>
       <tocitem target="gsw_entropy_ice.html" image="HelpIcon.FUNCTION">
         gsw_entropy_ice                     
       </tocitem>
       <tocitem target="gsw_cp_ice.html" image="HelpIcon.FUNCTION">
         gsw_cp_ice  
       </tocitem>
       <tocitem target="gsw_chem_potential_water_ice.html" image="HelpIcon.FUNCTION">
         gsw_chem_potential_water_ice              
       </tocitem>
       <tocitem target="gsw_Helmholtz_energy_ice.html" image="HelpIcon.FUNCTION">
         gsw_Helmholtz_energy_ice     
       </tocitem>
       <tocitem target="gsw_adiabatic_lapse_rate_ice.html" image="HelpIcon.FUNCTION">
         gsw_adiabatic_lapse_rate_ice              
       </tocitem>
       <tocitem target="gsw_pt0_from_t_ice.html" image="HelpIcon.FUNCTION">
         gsw_pt0_from_t_ice                         
       </tocitem>
       <tocitem target="gsw_pt_from_t_ice.html" image="HelpIcon.FUNCTION">
         gsw_pt_from_t_ice                         
       </tocitem>
       <tocitem target="gsw_t_from_pt0_ice.html" image="HelpIcon.FUNCTION">
         gsw_t_from_pt0_ice                       
       </tocitem>
       <tocitem target="gsw_t_from_rho_ice.html" image="HelpIcon.FUNCTION">
         gsw_t_from_rho_ice                       
       </tocitem>
	   <tocitem target="gsw_pot_enthalpy_from_pt_ice.html" image="HelpIcon.FUNCTION">
         gsw_pot_enthalpy_from_pt_ice             
       </tocitem>
       <tocitem target="gsw_pt_from_pot_enthalpy_ice.html" image="HelpIcon.FUNCTION">
         gsw_pt_from_pot_enthalpy_ice               
       </tocitem>
       <tocitem target="gsw_pot_enthalpy_from_pt_ice_poly.html" image="HelpIcon.FUNCTION">
         gsw_pot_enthalpy_from_pt_ice_poly        
       </tocitem>
       <tocitem target="gsw_pt_from_pot_enthalpy_ice_poly.html" image="HelpIcon.FUNCTION">
         gsw_pt_from_pot_enthalpy_ice_poly         
       </tocitem>
	   <tocitem target="gsw_pot_enthalpy_from_specvol_ice.html" image="HelpIcon.FUNCTION">
         gsw_pot_enthalpy_from_specvol_ice             
       </tocitem>
       <tocitem target="gsw_specvol_from_pot_enthalpy_ice.html" image="HelpIcon.FUNCTION">
         gsw_specvol_from_pot_enthalpy_ice               
       </tocitem>
	   <tocitem target="gsw_pot_enthalpy_from_specvol_ice_poly.html" image="HelpIcon.FUNCTION">
         gsw_pot_enthalpy_from_specvol_ice_poly             
       </tocitem>
       <tocitem target="gsw_specvol_from_pot_enthalpy_ice_poly.html" image="HelpIcon.FUNCTION">
         gsw_specvol_from_pot_enthalpy_ice_poly               
       </tocitem>
	</tocitem>
	
	<tocitem target="gsw_contents.html#15">
      isobaric evaporation enthalpy
      <tocitem target="gsw_latentheat_evap_CT.html" image="HelpIcon.FUNCTION">
        gsw_latentheat_evap_CT<!-- latent heat of evaporation of water from seawater (isobaric evaporation enthalpy) with CT as input temperature -->
      </tocitem>
      <tocitem target="gsw_latentheat_evap_t.html" image="HelpIcon.FUNCTION">
        gsw_latentheat_evap_t<!-- latent heat of evaporation of water from seawater (isobaric evaporation enthalpy) with in-situ temperature, t, as input -->
      </tocitem>
    </tocitem>
	
	<tocitem target="gsw_contents.html#16">
      spiciness
      <tocitem target="gsw_spiciness0.html" image="HelpIcon.FUNCTION">
        gsw_spiciness0<!-- spiciness with reference pressure of 0 dbar -->
      </tocitem>
      <tocitem target="gsw_spiciness1.html" image="HelpIcon.FUNCTION">
        gsw_spiciness1<!-- spiciness with reference pressure of 1000 dbar -->
      </tocitem>
      <tocitem target="gsw_spiciness2.html" image="HelpIcon.FUNCTION">
        gsw_spiciness2<!-- spiciness with reference pressure of 2000 dbar -->
      </tocitem>
	  <tocitem target="gsw_SA_CT_from_sigma0_spiciness0.html" image="HelpIcon.FUNCTION">
        gsw_SA_CT_from_sigma0_spiciness0<!-- SA and CT from sigma and spiciness with reference pressure of 0 dbar -->
      </tocitem>
	  <tocitem target="gsw_SA_CT_from_sigma1_spiciness1.html" image="HelpIcon.FUNCTION">
        gsw_SA_CT_from_sigma1_spiciness1<!-- SA and CT from sigma and spiciness with reference pressure of 1000 dbar -->
      </tocitem>
	  <tocitem target="gsw_SA_CT_from_sigma2_spiciness2.html" image="HelpIcon.FUNCTION">
        gsw_SA_CT_from_sigma2_spiciness2<!-- SA and CT from sigma and spiciness with reference pressure of 2000 dbar -->
      </tocitem>
    </tocitem>    

	<tocitem target="gsw_contents.html#17">
      planet Earth properties
      <tocitem target="gsw_f.html" image="HelpIcon.FUNCTION">
        gsw_f<!-- Coriolis parameter -->
      </tocitem>
      <tocitem target="gsw_grav.html" image="HelpIcon.FUNCTION">
        gsw_grav<!-- gravitational acceleration -->
      </tocitem>
      <tocitem target="gsw_distance.html" image="HelpIcon.FUNCTION">
        gsw_distance<!-- spherical earth distance between points in the ocean -->
      </tocitem>
    </tocitem>    
	
    <tocitem target="gsw_contents.html#18">
      TEOS-10 constants
      <tocitem target="gsw_T0.html" image="HelpIcon.FUNCTION">
        gsw_T0<!-- Celcius zero point; 273.15 K -->
      </tocitem>
      <tocitem target="gsw_P0.html" image="HelpIcon.FUNCTION">
        gsw_P0<!-- one standard atmosphere; 101 325 Pa -->
      </tocitem>
      <tocitem target="gsw_SS0.html" image="HelpIcon.FUNCTION">
        gsw_SS0<!-- Standard Ocean Reference Salinity; 35.165 04 g/kg -->
      </tocitem>
      <tocitem target="gsw_uPS.html" image="HelpIcon.FUNCTION">
        gsw_uPS<!-- unit conversion factor for salinities; (35.165 04/35) g/kg -->
      </tocitem>
      <tocitem target="gsw_cp0.html" image="HelpIcon.FUNCTION">
        gsw_cp0<!-- the "specific heat" for use with CT; 3991.867 957 119 63 (J/kg)/K -->
      </tocitem>
      <tocitem target="gsw_C3515.html" image="HelpIcon.FUNCTION">
        gsw_C3515<!-- conductivity of SSW at SP=35, t_68=15, p=0; 42.9140 mS/cm -->
      </tocitem>
      <tocitem target="gsw_SonCl.html" image="HelpIcon.FUNCTION">
        gsw_SonCl<!-- ratio of SP to Chlorinity; 1.80655 (g/kg)^-1 -->
      </tocitem>
      <tocitem target="gsw_valence_factor.html" image="HelpIcon.FUNCTION">
        gsw_valence_factor<!-- valence factor of sea salt; 1.2452898 -->
      </tocitem>
      <tocitem target="gsw_atomic_weight.html" image="HelpIcon.FUNCTION">
        gsw_atomic_weight<!-- mole-weighted atomic weight of sea salt; 31.4038218... g/mol -->
      </tocitem>
    </tocitem>
	
	<tocitem target="gsw_contents.html#19">
      dissolved gasses
	   <tocitem target="gsw_Arsol.html" image="HelpIcon.FUNCTION">
         gsw_Arsol            
       </tocitem>
  	   <tocitem target="gsw_Arsol_SP_pt.html" image="HelpIcon.FUNCTION">
         gsw_Arsol_SP_pt            
       </tocitem>
	   <tocitem target="gsw_Hesol.html" image="HelpIcon.FUNCTION">
         gsw_Hesol            
       </tocitem>
  	   <tocitem target="gsw_Hesol_SP_pt.html" image="HelpIcon.FUNCTION">
         gsw_Hesol_SP_pt            
       </tocitem>
       <tocitem target="gsw_Krsol.html" image="HelpIcon.FUNCTION">
         gsw_Krsol            
       </tocitem>
  	   <tocitem target="gsw_Krsol_SP_pt.html" image="HelpIcon.FUNCTION">
         gsw_Krsol_SP_pt            
       </tocitem>
	   <!-- <tocitem target="gsw_N2Osol.html" image="HelpIcon.FUNCTION">
         gsw_N2Osol            
       </tocitem>
  	   <tocitem target="gsw_N2Osol_SP_pt.html" image="HelpIcon.FUNCTION">
         gsw_N2Osol_SP_pt            
       </tocitem> -->
	   <tocitem target="gsw_N2sol.html" image="HelpIcon.FUNCTION">
         gsw_N2sol            
       </tocitem>
  	   <tocitem target="gsw_N2sol_SP_pt.html" image="HelpIcon.FUNCTION">
         gsw_N2sol_SP_pt            
       </tocitem>
	   <tocitem target="gsw_Nesol.html" image="HelpIcon.FUNCTION">
         gsw_Nesol            
       </tocitem>
  	   <tocitem target="gsw_Nesol_SP_pt.html" image="HelpIcon.FUNCTION">
         gsw_Nesol_SP_pt            
       </tocitem>
	   <tocitem target="gsw_O2sol.html" image="HelpIcon.FUNCTION">
         gsw_O2sol            
       </tocitem>
  	   <tocitem target="gsw_O2sol_SP_pt.html" image="HelpIcon.FUNCTION">
         gsw_O2sol_SP_pt            
       </tocitem>
    </tocitem>

    <tocitem target="gsw_contents.html#20">
      specific volume, density and enthalpy in terms of CT, based on the exact Gibbs function
      <tocitem target="gsw_specvol_CT_exact.html" image="HelpIcon.FUNCTION">
        gsw_specvol_CT_exact<!-- specific volume -->
      </tocitem>
	  <tocitem target="gsw_alpha_CT_exact.html" image="HelpIcon.FUNCTION">
        gsw_alpha_CT_exact<!-- thermal expansion coefficient with respect to CT -->
      </tocitem>
      <tocitem target="gsw_beta_CT_exact.html" image="HelpIcon.FUNCTION">
        gsw_beta_CT_exact<!-- saline contraction coefficient at constant CT -->
      </tocitem>
	  <tocitem target="gsw_alpha_on_beta_CT_exact.html" image="HelpIcon.FUNCTION">
        gsw_alpha_on_beta_CT_exact<!-- alpha divided by beta -->
      </tocitem>
      <tocitem target="gsw_specvol_alpha_beta_CT_exact.html" image="HelpIcon.FUNCTION">
        gsw_specvol_alpha_beta_CT_exact<!-- specific volume, thermal expansion &amp; saline contraction coefficients -->
      </tocitem>
      <tocitem target="gsw_specvol_first_derivatives_CT_exact.html" image="HelpIcon.FUNCTION">
        gsw_specvol_first_derivatives_CT_exact<!-- derivatives of specific volume -->
      </tocitem>
      <tocitem target="gsw_specvol_second_derivatives_CT_exact.html" image="HelpIcon.FUNCTION">
        gsw_specvol_second_derivatives_CT_exact<!-- second derivatives of specific volume -->
      </tocitem>
      <tocitem target="gsw_specvol_first_derivatives_wrt_enthalpy_CT_exact.html" image="HelpIcon.FUNCTION">
        gsw_specvol_first_derivatives_wrt_enthalpy_CT_exact<!-- derivatives of specific volume with respect to enthalpy -->
      </tocitem>
      <tocitem target="gsw_specvol_second_derivatives_wrt_enthalpy_CT_exact.html" image="HelpIcon.FUNCTION">
        gsw_specvol_second_derivatives_wrt_enthalpy_CT_exact<!-- second derivatives of specific volume  with respect to enthalpy-->
      </tocitem>
	  <tocitem target="gsw_specvol_anom_CT_exact.html" image="HelpIcon.FUNCTION">
        gsw_specvol_anom_CT_exact<!-- specific volume anomaly -->
      </tocitem>      
	  <tocitem target="gsw_specvol_anom_standard_CT_exact.html" image="HelpIcon.FUNCTION">
        gsw_specvol_anom_standard_CT_exact<!-- specific volume anomaly -->
      </tocitem>
      <tocitem target="gsw_rho_CT_exact.html" image="HelpIcon.FUNCTION">
        gsw_rho_CT_exact<!-- in-situ density from CT, and potential density -->
      </tocitem>
      <tocitem target="gsw_rho_alpha_beta_CT_exact.html" image="HelpIcon.FUNCTION">
        gsw_rho_alpha_beta_CT_exact<!-- in-situ density, thermal expansion &amp; saline contraction coefficients -->
      </tocitem>
      <tocitem target="gsw_rho_first_derivatives_CT_exact.html" image="HelpIcon.FUNCTION">
        gsw_rho_first_derivatives_CT_exact<!-- first derivatives of density -->
      </tocitem>
      <tocitem target="gsw_rho_second_derivatives_CT_exact.html" image="HelpIcon.FUNCTION">
        gsw_rho_second_derivatives_CT_exact<!-- second derivatives of density -->
      </tocitem>
      <tocitem target="gsw_rho_first_derivatives_wrt_enthalpy_CT_exact.html" image="HelpIcon.FUNCTION">
        gsw_rho_first_derivatives_wrt_enthalpy_CT_exact<!-- derivatives of density with respect to enthalpy -->
      </tocitem>
      <tocitem target="gsw_rho_second_derivatives_wrt_enthalpy_CT_exact.html" image="HelpIcon.FUNCTION">
        gsw_rho_second_derivatives_wrt_enthalpy_CT_exact<!-- second derivatives of density with respect to enthalpy-->
      </tocitem>
      <tocitem target="gsw_sigma0_CT_exact.html" image="HelpIcon.FUNCTION">
        gsw_sigma0_CT_exact<!-- sigma0 from CT with reference pressure of 0 dbar -->
      </tocitem>
      <tocitem target="gsw_sigma1_CT_exact.html" image="HelpIcon.FUNCTION">
        gsw_sigma1_CT_exact<!-- sigma1 from CT with reference pressure of 1000 dbar -->
      </tocitem>
      <tocitem target="gsw_sigma2_CT_exact.html" image="HelpIcon.FUNCTION">
        gsw_sigma2_CT_exact<!-- sigma2 from CT with reference pressure of 2000 dbar -->
      </tocitem>
      <tocitem target="gsw_sigma3_CT_exact.html" image="HelpIcon.FUNCTION">
        gsw_sigma3_CT_exact<!-- sigma3 from CT with reference pressure of 3000 dbar -->
      </tocitem>
      <tocitem target="gsw_sigma4_CT_exact.html" image="HelpIcon.FUNCTION">
        gsw_sigma4_CT_exact<!-- sigma4 from CT with reference pressure of 4000 dbar -->
      </tocitem>
      <tocitem target="gsw_cabbeling_CT_exact.html" image="HelpIcon.FUNCTION">
        gsw_cabbeling_CT_exact<!-- cabbeling coefficient -->
      </tocitem>
      <tocitem target="gsw_thermobaric_CT_exact.html" image="HelpIcon.FUNCTION">
        gsw_thermobaric_CT_exact<!-- thermobaric coefficient -->
      </tocitem>
      <tocitem target="gsw_enthalpy_CT_exact.html" image="HelpIcon.FUNCTION">
        gsw_enthalpy_CT_exact<!-- enthalpy -->
      </tocitem>
      <tocitem target="gsw_enthalpy_diff_CT_exact.html" image="HelpIcon.FUNCTION">
        gsw_enthalpy_diff_CT_exact<!-- difference of enthalpy between two pressures -->
      </tocitem>
      <tocitem target="gsw_dynamic_enthalpy_CT_exact.html" image="HelpIcon.FUNCTION">
        gsw_dynamic_enthalpy_CT_exact<!-- dynamic enthalpy -->
      </tocitem>
	  <tocitem target="gsw_enthalpy_first_derivatives_CT_exact.html" image="HelpIcon.FUNCTION">
        gsw_enthalpy_first_derivatives_CT_exact<!-- first derivatives of enthalpy -->
      </tocitem>
      <tocitem target="gsw_enthalpy_second_derivatives_CT_exact.html" image="HelpIcon.FUNCTION">
        gsw_enthalpy_second_derivatives_CT_exact<!-- second derivatives of enthalpy -->
      </tocitem>
	  <tocitem target="gsw_sound_speed_CT_exact.html" image="HelpIcon.FUNCTION">
        gsw_sound_speed_CT_exact<!-- sound speed -->
      </tocitem>
	  <tocitem target="gsw_kappa_CT_exact.html" image="HelpIcon.FUNCTION">
        gsw_kappa_CT_exact<!-- isentropic compressibility -->
      </tocitem>
      <tocitem target="gsw_internal_energy_CT_exact.html" image="HelpIcon.FUNCTION">
        gsw_internal_energy_CT_exact<!-- internal energy -->
      </tocitem>
	  <tocitem target="gsw_internal_energy_first_derivatives_CT_exact.html" image="HelpIcon.FUNCTION">
        gsw_internal_energy_first_derivatives_CT_exact<!-- first derivatives of internal energy -->
      </tocitem>
      <tocitem target="gsw_internal_energy_second_derivatives_CT_exact.html" image="HelpIcon.FUNCTION">
        gsw_internal_energy_second_derivatives_CT_exact<!-- second derivatives of internal energy -->
      </tocitem>
	  <tocitem target="gsw_CT_from_enthalpy_exact.html" image="HelpIcon.FUNCTION">
        gsw_CT_from_enthalpy_exact<!-- enthalpy -->
      </tocitem>	  	  
      <tocitem target="gsw_SA_from_rho_CT_exact.html" image="HelpIcon.FUNCTION">
        gsw_SA_from_rho_CT_exact<!-- Absolute Salinity from density -->
      </tocitem>
      <tocitem target="gsw_CT_from_rho_exact.html" image="HelpIcon.FUNCTION">
        gsw_CT_from_rho_exact<!-- Conservative Temperature from density -->
      </tocitem>
      <tocitem target="gsw_CT_maxdensity_exact.html" image="HelpIcon.FUNCTION">
        gsw_CT_maxdensity_exact<!-- Conservative Temperature of maximum density of seawater -->
      </tocitem>  
	</tocitem>
	
	<tocitem target="gsw_contents.html#21">
      laboratory functions, for use with densimeter measurements
      <tocitem target="gsw_deltaSA_from_rho_t_exact.html" image="HelpIcon.FUNCTION">
        gsw_deltaSA_from_rho_t_exact<!-- Absolute Salinity Anomaly from density -->
      </tocitem>
      <tocitem target="gsw_SA_from_rho_t_exact.html" image="HelpIcon.FUNCTION">
        gsw_SA_from_rho_t_exact<!-- Absolute Salinity from density -->
      </tocitem>
      <tocitem target="gsw_rho_t_exact.html" image="HelpIcon.FUNCTION">
        gsw_rho_t_exact<!-- in-situ density -->
      </tocitem>
    </tocitem>
	
    <tocitem target="gsw_contents.html#22">
      basic thermodynamic properties in terms of in-situ t, based on the exact Gibbs function
      <tocitem target="gsw_specvol_t_exact.html" image="HelpIcon.FUNCTION">
        gsw_specvol_t_exact<!-- specific volume -->
      </tocitem>
	  <tocitem target="gsw_alpha_wrt_CT_t_exact.html" image="HelpIcon.FUNCTION">
        gsw_alpha_wrt_CT_t_exact<!-- thermal expansion coefficient with respect to Conservative Temperature. -->
      </tocitem>
      <tocitem target="gsw_alpha_wrt_pt_t_exact.html" image="HelpIcon.FUNCTION">
        gsw_alpha_wrt_pt_t_exact<!-- thermal expansion coefficient with respect to potential temperature -->
      </tocitem>
      <tocitem target="gsw_alpha_wrt_t_exact.html" image="HelpIcon.FUNCTION">
        gsw_alpha_wrt_t_exact<!-- thermal expansion coefficient with respect to in-situ temperature -->
      </tocitem>
      <tocitem target="gsw_beta_const_CT_t_exact.html" image="HelpIcon.FUNCTION">
        gsw_beta_const_CT_t_exact<!-- saline contraction coefficient at constant Conservative Temperature. -->
      </tocitem>
      <tocitem target="gsw_beta_const_pt_t_exact.html" image="HelpIcon.FUNCTION">
        gsw_beta_const_pt_t_exact<!-- saline contraction coefficient at constant potential temperature -->
      </tocitem>
      <tocitem target="gsw_beta_const_t_exact.html" image="HelpIcon.FUNCTION">
        gsw_beta_const_t_exact<!-- saline contraction coefficient at constant in-situ temperature -->
      </tocitem>
      <tocitem target="gsw_specvol_anom_standard_t_exact.html" image="HelpIcon.FUNCTION">
        gsw_specvol_anom_standard_t_exact<!-- specific volume anomaly -->
      </tocitem>
      <tocitem target="gsw_rho_t_exact.html" image="HelpIcon.FUNCTION">
        gsw_rho_t_exact<!-- in-situ density -->
      </tocitem>
      <tocitem target="gsw_pot_rho_t_exact.html" image="HelpIcon.FUNCTION">
        gsw_pot_rho_t_exact<!-- potential density -->
      </tocitem>
      <tocitem target="gsw_sigma0_pt0_exact.html" image="HelpIcon.FUNCTION">
        gsw_sigma0_pt0_exact<!-- sigma0 from pt0 with reference pressure of 0 dbar -->
      </tocitem>
      <tocitem target="gsw_enthalpy_t_exact.html" image="HelpIcon.FUNCTION">
        gsw_enthalpy_t_exact<!-- enthalpy -->
      </tocitem>
      <tocitem target="gsw_dynamic_enthalpy_t_exact.html" image="HelpIcon.FUNCTION">
        gsw_dynamic_enthalpy_t_exact<!-- dynamic enthalpy -->
      </tocitem>
	  <tocitem target="gsw_CT_first_derivatives_wrt_t_exact.html" image="HelpIcon.FUNCTION">
	    gsw_CT_first_derivatives_wrt_t_exact<!--  first derivatives of Conservative Temperature with respect to t -->
	  </tocitem>	  
      <tocitem target="gsw_enthalpy_first_derivatives_wrt_t_exact.html" image="HelpIcon.FUNCTION"> 
        gsw_enthalpy_first_derivatives_wrt_t_exact
      </tocitem>
      <tocitem target="gsw_sound_speed_t_exact.html" image="HelpIcon.FUNCTION">
        gsw_sound_speed_t_exact<!-- sound speed -->
      </tocitem>
      <tocitem target="gsw_kappa_t_exact.html" image="HelpIcon.FUNCTION">
        gsw_kappa_t_exact<!-- isentropic compressibility -->
      </tocitem>
      <tocitem target="gsw_kappa_const_t_exact.html" image="HelpIcon.FUNCTION">
        gsw_kappa_const_t_exact<!-- isothermal compressibility -->
      </tocitem>
      <tocitem target="gsw_internal_energy_t_exact.html" image="HelpIcon.FUNCTION">
        gsw_internal_energy_t_exact<!-- internal energy -->
      </tocitem>
	  <tocitem target="gsw_SA_from_rho_t_exact.html" image="HelpIcon.FUNCTION">
        gsw_SA_from_rho_t_exact<!-- Absolute Salinity from density -->
      </tocitem>
      <tocitem target="gsw_t_from_rho_exact.html" image="HelpIcon.FUNCTION">
        gsw_t_from_rho_exact<!-- in-situ temperature from density -->
      </tocitem>
      <tocitem target="gsw_t_maxdensity_exact.html" image="HelpIcon.FUNCTION">
        gsw_t_maxdensity_exact<!-- in-situ temperature of maximum density of seawater -->
      </tocitem>
       <tocitem target="gsw_cp_t_exact.html" image="HelpIcon.FUNCTION">
        gsw_cp_t_exact<!-- isobaric heat capacity -->
      </tocitem>
      <tocitem target="gsw_isochoric_heat_cap_t_exact.html" image="HelpIcon.FUNCTION">
        gsw_isochoric_heat_cap_t_exact<!-- isochoric heat capacity -->
      </tocitem>
      <tocitem target="gsw_chem_potential_relative_t_exact.html" image="HelpIcon.FUNCTION">
        gsw_chem_potential_relative_t_exact<!-- relative chemical potential -->
      </tocitem>
      <tocitem target="gsw_chem_potential_water_t_exact.html" image="HelpIcon.FUNCTION">
        gsw_chem_potential_water_t_exact<!-- chemical potential of water in seawater -->
      </tocitem>
      <tocitem target="gsw_chem_potential_salt_t_exact.html" image="HelpIcon.FUNCTION">
        gsw_chem_potential_salt_t_exact<!-- chemical potential of salt in seawater -->
      </tocitem>
      <tocitem target="gsw_t_deriv_chem_potential_water_t_exact.html" image="HelpIcon.FUNCTION">
        gsw_t_deriv_chem_potential_water_t_exact<!-- first derivative of chemical potential of water in seawater with repect to temperature -->
      </tocitem>
	  <tocitem target="gsw_dilution_coefficient_t_exact .html" image="HelpIcon.FUNCTION">
        gsw_dilution_coefficient_t_exact <!-- dilution coefficient -->
      </tocitem>
      <tocitem target="gsw_Gibbs_energy_t_exact.html" image="HelpIcon.FUNCTION">
        gsw_Gibbs_energy_t_exact<!-- Gibbs energy -->
      </tocitem>
      <tocitem target="gsw_Helmholtz_energy_t_exact.html" image="HelpIcon.FUNCTION">
        gsw_Helmholtz_energy_t_exact<!-- Helmholtz energy -->
      </tocitem>
      <tocitem target="gsw_osmotic_coefficient_t_exact.html" image="HelpIcon.FUNCTION">
        gsw_osmotic_coefficient_t_exact<!-- osmotic coefficient of seawater -->
      </tocitem>
      <tocitem target="gsw_osmotic_pressure_t_exact.html" image="HelpIcon.FUNCTION">
        gsw_osmotic_pressure_t_exact<!-- osmotic pressure of seawater -->
      </tocitem>
    </tocitem>
	
 </tocitem>
  <tocitem target="http://www.TEOS-10.org"
           image="$toolbox/matlab/icons/webicon.gif">
    The TEOS-10 Home page
  </tocitem>
  </tocitem>
</toc>